,acidification,climate change,ecotoxicity
acrylic,-1.268505000213609,-20.236949506819542,197266.10455716672
cotton,-129.23468041914333,-1583.9344244306749,-916867.1008528018
polyamide/nylon,77.08230895002168,-1709.7124965242674,-2443.0491182651735
polyester,-112.8180856634678,-14179.783207632734,-131350.50588319832
silk,27.79035850820466,107.21221706280022,-4.231306927562688
viscose,-0.9400494321129964,-46.47832223746488,-514.356979045821
wool,-127.621896748713,-8013.667068391491,-50503.077293577975
